name,email,mobile,gender
John Doe,john.doe@example.com,+1234567890,Male
Jane Smith,jane.smith@example.com,+1234567891,Female
Michael Johnson,michael.johnson@example.com,+1234567892,Male
Emily Davis,emily.davis@example.com,+1234567893,Female
Robert Wilson,robert.wilson@example.com,+1234567894,Male
Sarah Brown,sarah.brown@example.com,+1234567895,Female
David Miller,david.miller@example.com,+1234567896,Male
Lisa Anderson,lisa.anderson@example.com,+1234567897,Female
James Taylor,james.taylor@example.com,+1234567898,Male
Maria Garcia,maria.garcia@example.com,+1234567899,Female
